epoch,g_loss,d_loss,l1_loss,perc_loss,val_ssim,val_psnr,val_lab_error,g_diff,param_changed_pct,lr,epoch_duration_s,l1,adv,perc,ssim_loss,chroma,feat,g_grad_norm,d_grad_norm,g_lr,d_lr,val_mae,val_rmse,val_sam,val_sat_ratio,val_hist_dist,duration_sec
1,51.5933,0.4328,0.4588,4.0792,0.1111,10.7,29.71,0.03394,85.3,0.0002,239.6,,,,,,,,,,,,,,,,
2,49.5564,0.36,0.4719,3.8123,0.1077,10.2,31.01,0.02383,85.3,0.0002,213.0,,,,,,,,,,,,,,,,
3,49.5824,0.3511,0.482,3.792,0.1073,9.94,31.81,0.0253,85.3,0.0002,212.4,,,,,,,,,,,,,,,,
4,49.6485,0.3489,0.4872,3.7884,0.1111,10.01,31.38,0.03273,85.3,0.0002,212.8,,,,,,,,,,,,,,,,
5,49.6539,0.354,0.484,3.7925,0.1189,10.24,30.6,0.03622,85.3,0.0002,210.1,,,,,,,,,,,,,,,,
6,49.3698,0.3585,0.4597,3.7997,0.1284,10.42,30.13,0.0396,85.3,0.0002,210.3,,,,,,,,,,,,,,,,
7,49.2393,0.3593,0.4543,3.7954,0.1331,10.6,29.83,0.03184,85.3,0.000198,210.5,,,,,,,,,,,,,,,,
8,49.1481,0.3576,0.4499,3.7908,0.1327,10.46,30.4,0.03093,85.3,0.000196,211.9,,,,,,,,,,,,,,,,
9,49.0261,0.3569,0.4504,3.7757,0.141,10.74,29.7,0.02853,85.3,0.000194,210.3,,,,,,,,,,,,,,,,
10,49.1394,0.3565,0.452,3.7865,0.1096,9.81,32.28,0.02465,85.3,0.000192,210.2,,,,,,,,,,,,,,,,
11,49.0457,0.3535,0.4534,3.7701,0.1429,10.76,29.75,0.01837,85.3,0.000189,221.8,,,,,,,,,,,,,,,,
12,49.0385,0.3556,0.4462,3.7806,0.1426,10.67,29.94,0.02124,85.3,0.000187,210.2,,,,,,,,,,,,,,,,
13,49.0599,0.3537,0.4474,3.7767,0.1455,11.31,34.01,0.01958,85.3,0.000185,210.2,,,,,,,,,,,,,,,,
14,49.0,0.3527,0.4536,3.7677,0.1437,10.68,30.09,0.0207,85.3,0.000183,210.3,,,,,,,,,,,,,,,,
15,48.957,0.3508,0.4502,3.7638,0.1443,10.75,30.17,0.02112,85.3,0.000181,222.5,,,,,,,,,,,,,,,,
16,49.0956,0.3537,0.4436,3.786,0.1451,10.86,29.35,0.02302,85.3,0.000179,209.7,,,,,,,,,,,,,,,,
17,48.8494,0.3504,0.4472,3.7571,0.1451,10.84,29.59,0.01588,85.3,0.000177,210.0,,,,,,,,,,,,,,,,
18,48.837,0.3494,0.4448,3.758,0.1461,10.92,29.29,0.02269,85.3,0.000175,210.2,,,,,,,,,,,,,,,,
19,48.8365,0.3505,0.4422,3.7618,0.144,10.87,29.45,0.01709,85.3,0.000173,232.1,,,,,,,,,,,,,,,,
20,48.7769,0.3489,0.4407,3.7566,0.1445,10.99,29.24,0.01913,85.3,0.000171,242.8,,,,,,,,,,,,,,,,
21,48.7342,0.3481,0.4384,3.7553,0.1473,11.03,29.2,0.03512,85.3,0.000168,235.2,,,,,,,,,,,,,,,,
22,48.7736,0.3497,0.4376,3.7618,0.1471,11.02,29.3,0.01594,85.2,0.000166,220.9,,,,,,,,,,,,,,,,
23,48.6292,0.3481,0.4349,3.7509,0.143,10.91,29.25,0.01367,85.2,0.000164,221.0,,,,,,,,,,,,,,,,
24,48.5986,0.3475,0.4335,3.75,0.1463,11.24,28.39,0.01552,85.2,0.000162,226.4,,,,,,,,,,,,,,,,
25,48.6088,0.3469,0.4316,3.7522,0.1473,11.43,30.54,0.01911,85.2,0.00016,222.0,,,,,,,,,,,,,,,,
26,48.6006,0.348,0.4284,3.757,0.1479,11.33,28.14,0.01203,85.2,0.000158,212.4,,,,,,,,,,,,,,,,
27,48.5667,0.3474,0.4287,3.753,0.1471,11.27,28.26,0.01745,85.3,0.000156,216.1,,,,,,,,,,,,,,,,
28,48.4901,0.3458,0.4281,3.7448,0.1474,11.31,28.24,0.01737,85.2,0.000154,212.4,,,,,,,,,,,,,,,,
29,48.4828,0.3457,0.4262,3.7465,0.1484,11.36,28.14,0.01458,85.2,0.000152,212.9,,,,,,,,,,,,,,,,
30,48.5613,0.3477,0.4233,3.7598,0.1473,11.27,28.31,0.01909,85.3,0.000149,223.1,,,,,,,,,,,,,,,,
31,48.4481,0.3453,0.4239,3.7478,0.1467,11.31,28.14,0.01553,85.2,0.000147,213.6,,,,,,,,,,,,,,,,
32,48.563,0.3474,0.4235,3.7594,0.148,11.35,28.05,0.01281,85.2,0.000145,223.1,,,,,,,,,,,,,,,,
33,48.4662,0.3444,0.4293,3.7437,0.1475,11.33,28.18,0.01456,85.2,0.000143,212.7,,,,,,,,,,,,,,,,
34,48.4136,0.3446,0.4244,3.7444,0.1479,11.47,27.88,0.0187,85.2,0.000141,221.2,,,,,,,,,,,,,,,,
35,48.4728,0.3453,0.4238,3.7518,0.1472,11.44,27.95,0.01173,85.2,0.000139,212.6,,,,,,,,,,,,,,,,
36,48.4695,0.3453,0.4225,3.7532,0.1472,11.35,28.03,0.0135,85.2,0.000137,212.7,,,,,,,,,,,,,,,,
37,48.3952,0.3445,0.4218,3.7469,0.1417,11.28,28.44,0.0116,85.2,0.000135,213.1,,,,,,,,,,,,,,,,
38,48.3994,0.3443,0.4206,3.7489,0.1468,11.52,28.25,0.01169,85.2,0.000133,212.4,,,,,,,,,,,,,,,,
39,48.3906,0.3446,0.4211,3.7483,0.146,11.34,28.16,0.01114,85.2,0.000131,212.0,,,,,,,,,,,,,,,,
40,48.3901,0.344,0.4199,3.7492,0.1479,11.58,27.61,0.01409,85.2,0.000128,210.3,,,,,,,,,,,,,,,,
41,48.3986,0.3443,0.4191,3.7516,0.1485,11.56,27.73,0.01249,85.2,0.000126,210.2,,,,,,,,,,,,,,,,
42,48.3486,0.3441,0.4173,3.7494,0.1473,11.57,27.62,0.01304,85.2,0.000124,210.2,,,,,,,,,,,,,,,,
43,94.06325137976444,0.3933097470890392,,,0.2135768725885359,10.962427661405597,30.83810323576688,,,,,0.4256274443684202,1.7355452956575337,4.514275961211234,0.7535544464082429,0.0331575208879781,7.818916901675138,167.4318169333718,2.712510151935346,0.0002,0.0002,0.2388413098937306,0.299041125028493,0.2214092033701902,0.7348666650622917,0.118777523230019,139.352792263031
44,95.07395893443714,0.3880452347524238,,,0.226794573847808,11.597038226420652,29.326497168514315,,,,,0.4220265146457788,1.7847701260537812,4.507997353871663,0.7495890964161266,0.0319821369580247,8.035408028689298,183.40682021632333,2.4939346317088966,0.0002,0.0002,0.2195582193369306,0.2775185694241657,0.2210038981957142,0.6949307309182663,0.1301849543132595,136.33707761764526
45,94.90518636992483,0.3828116617419503,,,0.2072417336469256,10.587684375613762,32.43583948785366,,,,,0.4199285059264211,1.7701995827934958,4.489603007923473,0.7477694778731375,0.0319196892055598,8.047397058660334,148.87842125170158,2.4459185387149,0.0002,0.0002,0.2508553562883558,0.3122162845547638,0.2297140053530645,0.825364511772241,0.1339683454462935,136.10248947143555
46,95.1752432158499,0.3873693905996553,,,0.1956851532339383,10.911216309616686,31.38042446754498,,,,,0.4183880332744483,1.7809503692569155,4.499364526344068,0.7484155008287141,0.0325227146686026,8.081928784919507,186.37114368785512,2.5417954564094543,0.0002,0.0002,0.2404298988800475,0.3004375056847513,0.234229772617031,0.9511086188215118,0.1310568269016134,135.55043196678162
47,95.35453102805398,0.388389055295424,,,0.234025197655129,11.247870930080309,29.78248030380164,,,,,0.4184263865152994,1.7892206394311154,4.505799793474602,0.7502190524881537,0.0328664540341406,8.101244094155051,214.6798510233561,2.528873920440674,0.0002,0.0002,0.229506600502483,0.2902850705152117,0.214560408998468,0.5721440411812766,0.1793184677066083,135.50652480125427
48,94.78007951216264,0.3851017171686345,,,0.2142695707981813,11.231372087361429,33.81605804699093,,,,,0.4151372976375349,1.7792562809857455,4.497916296756629,0.7485911911184138,0.0307490411581415,8.013166661696001,154.31553638342655,2.1470747138514663,0.0002,0.0002,0.2320768160526979,0.2901930043151259,0.2656956926071444,1.448131328854481,0.1332022988096961,135.7618923187256
49,97.3614980061849,0.3787655933336778,,,0.2312347809029691,11.383478473684642,29.54649886871849,,,,,0.4115487694740295,1.872020308899157,4.476463023099032,0.7451214165398569,0.032269694125562,8.563842750318123,249.62294836333305,2.250552369609024,0.0002,0.0002,0.2275091409683227,0.2860232378517449,0.2194219669483227,0.6603185357994208,0.1258465831950168,135.46855521202087
50,97.30216614694308,0.3761864458972757,,,0.2039920664366397,11.021023585143702,31.88500475750289,,,,,0.4149848556879795,1.852786830699805,4.483197862451727,0.7484672539161913,0.032575776811802,8.532012792067095,203.61233978271488,2.349333434393912,0.0002,0.0002,0.2390424362774001,0.2994751024512605,0.2565733427441986,1.029788650613923,0.1879626365042043,135.46689891815186
51,98.30426039262252,0.3726038271730596,,,0.2213452981170995,10.95237729802478,34.59703262158612,,,,,0.4084677777507088,1.9039979074940536,4.453534759174694,0.7417735374335087,0.0316132219226071,8.801628511602228,289.4485604026101,2.231791601759015,0.0002,0.0002,0.2406263990775167,0.300670424986152,0.2627688817804752,1.215837099032695,0.143338542771517,135.81818771362305
52,97.87823652787642,0.3732243222720695,,,0.2289297787170836,11.246037637721226,29.81273303751173,,,,,0.4073623021443684,1.8871859788894647,4.459227625528971,0.7411701068733678,0.0322150435411568,8.710974043065852,221.601662791859,2.127140790765936,0.0002,0.0002,0.2298491530578229,0.2892452515037366,0.2195755590440174,0.6849785493738825,0.1120928236781108,135.6152381896973
53,96.06530798709754,0.3785888052347934,,,0.2117720502714871,10.977513233376614,31.281867448178083,,,,,0.4073485150481715,1.806920010393316,4.474894610318271,0.7408899281964157,0.031768033405145,8.333594209497624,100.29601588393705,2.2525994047974094,0.0002,0.0002,0.2391832374327675,0.2987529658738461,0.2260187254937667,0.8564568231891654,0.1125539014570317,136.23270392417908
54,95.58240088260536,0.3810588453755234,,,0.2268960652404657,11.406921770319592,32.51569712761394,,,,,0.4064627432461941,1.807435295798561,4.477311697873202,0.7376654874194752,0.0307881437242031,8.237463448264382,115.42764143510298,2.3623849606875216,0.0002,0.0002,0.2255458025958951,0.2836238608679958,0.2697837272835843,1.3075925085131683,0.1107401904169629,135.81391525268555
55,96.6087535048976,0.3825334234671159,,,0.2360006161242224,11.410182697146965,30.55858541733726,,,,,0.4035541801741629,1.869657830036048,4.473737739794182,0.7374283414898497,0.0315361814629851,8.443192464655096,217.0305899186568,2.391573778065768,0.0002,0.0002,0.226175869976342,0.2841091802000333,0.2412478985400173,0.9232862521816232,0.1169078661964814,136.1868085861206
56,96.11681009928384,0.3758088621226224,,,0.2281235513074438,11.13061410488363,31.177458011904243,,,,,0.4036471758828018,1.816062095670989,4.468429978688558,0.7367029591040177,0.0312379675493998,8.366797051285252,145.05577332467743,2.2120978424043365,0.0002,0.0002,0.2357670867909266,0.2946549271072089,0.231982377737594,0.9447573922865884,0.1182061444614186,136.21875405311584
57,96.24905987363871,0.3726549820466475,,,0.2444742228731762,11.448035213534393,30.07010003841123,,,,,0.4011013386827526,1.843856969024196,4.461857457594438,0.7343574986313328,0.0308781816878102,8.408414204915365,137.4649028893673,2.2282563664696435,0.0002,0.0002,0.2251789992748026,0.2838194769853986,0.2308443232788053,0.915583006496536,0.1189261069677395,135.98199367523193
58,97.56896681352096,0.3730896854039394,,,0.2228282310443217,11.11568046015734,30.36100521833537,,,,,0.4002318658611991,1.8716408700654,4.454319078272039,0.7342104626424385,0.0315504323804017,8.683532657045307,216.7203822511615,2.3254089294057905,0.0002,0.0002,0.233211672172866,0.2938916773103469,0.2163827049665611,0.6571525208776889,0.1750303666199275,136.49686908721924
59,96.7620528712417,0.3747054144288554,,,0.2092239733514839,10.926687272567325,31.023423796925464,,,,,0.3992009744499669,1.8459752913677328,4.455542272509951,0.7313486731413639,0.0314241156885118,8.529810682932537,160.64648677941526,2.4407077102950123,0.0002,0.0002,0.2409063764124609,0.3021616729278138,0.2180797472679415,0.6291887490443011,0.1755174229847652,136.0874059200287
60,96.76020207260596,0.3724138883027163,,,0.2211516366324611,11.455362245357236,30.64064639640254,,,,,0.3969851544409087,1.8543067440842136,4.4532879511515295,0.7328682686343337,0.0312794170596382,8.535252796519886,164.15645271070076,2.146009281548587,0.0002,0.0002,0.2243519095735177,0.2829755108449712,0.2369653519305437,0.9731012216493404,0.1207537793413886,136.24397921562195
61,97.36960620302142,0.3716791525031581,,,0.221360719403741,11.295942167996028,29.852922428919616,,,,,0.3949429992473486,1.875736745198568,4.4617297866127705,0.7324102184989235,0.0322049297053705,8.640136160995022,210.1992582378965,2.145762817064921,0.0002,0.0002,0.2282468313611419,0.2877552725749309,0.2156119737878192,0.6541953852722765,0.1317746577094165,136.53062295913696
62,96.58593195134944,0.3724521808552019,,,0.2280614059730615,11.219056944607356,30.48108551622103,,,,,0.3958440446492397,1.854430809165492,4.445009618816954,0.7320392153479837,0.0305773414897196,8.520322756333785,131.13641223329486,2.2664986783807928,0.0002,0.0002,0.2310808201075932,0.2884661691814827,0.2212664432532294,0.8059885981362626,0.1049438203568787,136.20641374588013
63,96.94759859027285,0.3734923971421791,,,0.2210062988643539,11.316667865774486,30.949237439885486,,,,,0.3946795622507731,1.876811764457009,4.459206534876968,0.7323118982893048,0.0310432678596539,8.561655934651693,148.16483427105527,2.115215950301199,0.0002,0.0002,0.2278959791087571,0.2867063563629236,0.2357153281486234,0.9065027430070846,0.1153201480123805,136.61971759796145
64,97.4109272812352,0.3710381000330954,,,0.2487600172698164,11.596980515805036,29.12313093686237,,,,,0.3925707184907162,1.8645771214456268,4.450398725451845,0.7288518699732693,0.0315646381992282,8.681853366620613,177.84065669666637,2.244479020797845,0.0002,0.0002,0.2183121196384536,0.2761736039342827,0.2222876781857879,0.8194445002012413,0.1204068363822816,136.1939992904663
65,97.13317089658796,0.3701884565028277,,,0.2390264129505477,11.277912971027735,32.381279204810795,,,,,0.3885932048161825,1.8687593163865983,4.432956429683801,0.7249175400444956,0.0309186174788258,8.67249800942161,168.17078582301284,2.2102049737265617,0.0002,0.0002,0.2296322204547221,0.2885527244493282,0.2504101466366699,1.1954713147445764,0.1085842222086321,136.12393856048584
66,98.47489679509944,0.3666703760623931,,,0.2396930702571762,11.403167639364744,30.878611090462968,,,,,0.3894015472946745,1.937613597783176,4.431117283214222,0.7262776671033917,0.031389405194557,8.927585691394228,215.0959574612704,2.0214630285898845,0.0002,0.0002,0.2266284244020558,0.2855119425491247,0.2415502224554562,0.9387655890853712,0.1417557438367239,136.85035276412964
67,97.6930283055161,0.3673023238326564,,,0.2388978377400829,11.675450628696208,29.130152803559543,,,,,0.3870520967425722,1.913324644348838,4.434341433553985,0.7255426905371926,0.0304140691504333,8.775445461273193,165.00708278309216,2.0235213261662106,0.0002,0.0002,0.2182926891902305,0.2740690614924084,0.2179068134650171,0.7652774609666962,0.1399573780304892,136.46037650108337
68,98.9936704231031,0.3636031139077562,,,0.2522325951959834,11.591712695926262,29.236846327115703,,,,,0.3852426682457779,1.926703721826727,4.438405453075062,0.7238043767033201,0.0317460243336179,9.029594294230144,229.6901885061553,1.9595154133709995,0.0002,0.0002,0.2206882378242535,0.2797758479358098,0.2186062263543379,0.6556382259177096,0.1404215260313432,137.04379630088806
69,97.46566957415956,0.3687431116898854,,,0.2314975568036127,11.454809050320248,32.602298416904894,,,,,0.386985567483035,1.882213346163432,4.440053558349609,0.7260283228122827,0.0297740816731344,8.724674846186783,110.3930751916134,1.980819926117405,0.0002,0.0002,0.2205447351466344,0.2795297779850453,0.2750182584677328,1.3350773843307069,0.1278501527463701,136.61805295944214
70,98.66138638583097,0.3679478031216245,,,0.2209386912138102,11.23719393341235,29.97874373963425,,,,,0.3877080592242154,1.903489311536153,4.456888667019931,0.7269548119920672,0.0316791897808963,8.9227594982494,180.2469833605217,2.245560559720704,0.0002,0.0002,0.2303116528015563,0.2895752001741078,0.2164289628327226,0.7165493928520373,0.1234858033543858,136.94515895843506
71,98.03180953517104,0.3664995195287647,,,0.2224099416306565,11.445546326024571,29.671101500868133,,,,,0.3853666097828836,1.8971987305265483,4.4525344212849935,0.7253473769534718,0.0304295305839993,8.813600915851016,140.43083912242545,1.9871141529444487,0.0002,0.0002,0.2238078183967974,0.2834072515951188,0.2206573187472434,0.6682334915219739,0.141956907029314,137.26773071289062
72,99.4190610481031,0.3610849773341959,,,0.2303008250684045,11.255824488634504,30.00683236788105,,,,,0.38481609044653,1.9473376873767736,4.44572588891694,0.7235808762637052,0.0305359159116492,9.09746547756773,188.97710527362244,1.9690527359644567,0.0002,0.0002,0.2306719878532367,0.2905482067076188,0.2164780003065503,0.6178172886704599,0.1385289052261986,137.0489842891693
73,99.31295942826704,0.3631343111847386,,,0.2445898475593694,11.509979631647717,29.869681640710244,,,,,0.3839247141823624,1.951536633751609,4.432275887691613,0.721834907026002,0.0299884152118906,9.106053008455218,171.61411118940873,1.966452278151657,0.0002,0.0002,0.2221819302223248,0.2808283793859641,0.2344445890887489,1.0613908747720984,0.1108711071076562,136.93079900741577
74,99.88872278386896,0.3624491934523438,,,0.2447303300463287,11.477010353983449,30.871061783263137,,,,,0.3846591573773008,1.989782908468536,4.444246303673946,0.7246935140002858,0.030895240063017,9.184925336548776,209.8496553363222,1.986170715635473,0.0002,0.0002,0.2222571865806366,0.2810221574159974,0.2593436997030034,1.1763359821042536,0.1184562984403063,138.31919407844543
75,99.86829274495445,0.3634880325107863,,,0.2364315896726853,11.425776369744838,29.807510972688984,,,,,0.3830418006940321,1.9697961395437067,4.444631388693145,0.7225363048640164,0.0316703521844112,9.189148524313262,188.5504913561272,2.066286360314398,0.0002,0.0002,0.2249016282278732,0.2840578785821712,0.2213491123148848,0.7107589934125292,0.1376490855044937,137.48965096473694
76,101.13226147275982,0.3562465772484288,,,0.232493889398415,11.398975777226454,30.07823412378407,,,,,0.3801821410655975,1.9963701934525464,4.440942021572229,0.7209935545921325,0.0316866718684182,9.451261661991929,210.74080521554657,1.7928317203666224,0.0002,0.0002,0.224665631129089,0.2846151996591237,0.2262701542017846,0.7402242099106645,0.1980374071476512,138.39069938659668
77,100.25414863355232,0.3591624494754907,,,0.227805885855712,11.280035754155849,30.618165810014947,,,,,0.3773176661043456,1.97209869370316,4.435158616846258,0.72058247905789,0.0300513861644448,9.298854417511912,133.96526893846917,1.8703772947643744,0.0002,0.0002,0.2308669553122707,0.2901258305464377,0.2238482731347643,0.8320478913504318,0.1379075231831832,138.05266761779785
78,101.48755285089666,0.3588240652373343,,,0.2104684640575387,11.16542340923288,30.240294610987828,,,,,0.378813653642481,2.0205679192687525,4.435504656127005,0.724458367174322,0.0318733652094096,9.5275528271993,261.166303322532,2.0149072733792392,0.0002,0.0002,0.2291277387288695,0.2898494448075747,0.2222149606024086,0.7391626828209648,0.1736167231557311,138.72813534736633
79,99.4715741706617,0.3636662900447845,,,0.2239040346118991,11.14076867982662,30.519899847787187,,,,,0.3781052114385547,1.9412469350930417,4.447087230104389,0.7228397289911906,0.0305131712759083,9.120635610638242,181.308376381614,1.9638089378674823,0.0002,0.0002,0.2366613469310313,0.2948615717488294,0.2174411576719923,0.7160025082486968,0.1150621367510914,139.69556665420532
80,100.33557545055042,0.3594450800707846,,,0.2252247962871743,11.391970714377292,30.348576529731965,,,,,0.3753332217534383,1.9648779413916848,4.46532719930013,0.72091537027648,0.0321569979529489,9.25904052329786,218.93939914125383,2.074477043296352,0.0002,0.0002,0.2275341416204442,0.2858105644833442,0.2325035100542633,0.8319835020177191,0.1125648814345427,138.92628479003906
81,100.76422109892874,0.35976892637484,,,0.2208579841938764,11.29154139257676,36.01281257714639,,,,,0.3729088487047137,1.980628897927024,4.468227762164491,0.7160787199482773,0.0311615627597678,9.34590187072754,200.1362338441791,1.9241423689957824,0.0002,0.0002,0.2303931892917143,0.2889755371562595,0.2904283645765741,1.821729847838759,0.1519500353274731,139.80496311187744
82,101.60856633041844,0.3585000164581067,,,0.2283269206904832,11.31884347926305,31.66923762699745,,,,,0.3737345056100325,2.0143656983520044,4.458802162517201,0.7146768230380434,0.0313389619304375,9.526554393768311,213.81472202647817,1.94923035791426,0.0002,0.0002,0.2295855853144683,0.2885531816402627,0.2411115659848272,0.9967140285662432,0.1345795420184037,143.27187657356262
83,102.00740324078184,0.3504807797345248,,,0.2494076889986432,11.546010278456704,30.034488805845463,,,,,0.3754408410101226,2.02784209468148,4.439651890956994,0.7135146195238287,0.0304060771045359,9.640049674294213,212.28996057221383,1.8016413741039508,0.0002,0.0002,0.2216323424317983,0.2788958749291617,0.2311772998817806,0.8540603964688391,0.0994114487031318,141.9251446723938
84,101.83828069513494,0.3557114951538317,,,0.212513409513335,11.010948777864764,38.60394374485122,,,,,0.3726461269638755,2.0196557492920846,4.440400860526345,0.7156356403321931,0.0304033328073494,9.609834150834518,172.70389744151723,1.9200709187623224,0.0002,0.0002,0.2381875441727025,0.2977243288935229,0.2999633855326881,1.8765624661685367,0.1305589450998457,141.75939846038818
85,102.27662002101088,0.3579365597529845,,,0.2310972959635644,11.388452476629332,29.880607413180048,,,,,0.3763472277106661,2.041059608892961,4.460217510570179,0.7196127364129731,0.0316460041837258,9.64171138532234,236.75911058368104,1.9403791059147228,0.0002,0.0002,0.2256610256999564,0.284636378288269,0.2229897361560907,0.7485292107699304,0.119412935319837,141.3642590045929
86,101.2207489013672,0.3561080290512605,,,0.2305277752476697,11.231252041608927,31.33822158728232,,,,,0.375520651810097,2.0477209770318234,4.489816232161089,0.7195560155492841,0.0305721979814045,9.37214678851041,217.3611282348633,1.9614324667237024,0.0002,0.0002,0.2293945048108447,0.2894622034200743,0.2323669383312736,0.8883095100605288,0.1133656114672815,141.10764479637146
87,100.03452698678682,0.36571912855813,,,0.2073844221717152,10.909458714490496,32.961300322463394,,,,,0.3803114271525181,2.028731387311762,4.57394584308971,0.7255182678049261,0.0312674915248697,8.954619294946843,225.26745284109404,2.639011151862867,0.0002,0.0002,0.2374969234679664,0.2996317201486513,0.2658677254309201,1.154582802143843,0.1513670471599204,141.74309921264648
88,100.50631131258878,0.3590965379368175,,,0.2318032074240998,11.263533075428542,29.71920639975777,,,,,0.377700357726126,2.034565539071054,4.586413623347427,0.7257451350038702,0.0326056847292365,9.027333808667732,338.9915583755031,2.1546593055580603,0.0002,0.0002,0.2269864888164584,0.2867061535739366,0.2269801525763293,0.7319958716131455,0.1180316367684352,141.61859130859375
89,98.63008654045336,0.3669540553381948,,,0.2294306049133812,11.295268394427591,30.88562437941908,,,,,0.3730886912707126,1.95108283144055,4.537019631356904,0.7216400803941669,0.0301455990947557,8.781885863795425,149.43774326208867,2.0658791917743105,0.0002,0.0002,0.2266999296635888,0.2869627765437078,0.2412904758193639,0.9179726013258184,0.138652726980117,141.23905301094055
90,97.49633867668383,0.3687544208584409,,,0.2305351888667272,11.180322998728832,30.749908021042465,,,,,0.3756077307643312,1.9248631838596229,4.594780413309733,0.7243958335934263,0.0303986852141943,8.436963445490056,153.00802788011956,2.350814865574692,0.0002,0.0002,0.232150464750535,0.2920360125642915,0.2414890336257785,0.8229051075834136,0.1294362755350116,141.63125109672546
91,97.17573408647016,0.3757548359307376,,,0.2295575541490949,11.391599133028,32.630591429811616,,,,,0.3800180610382195,1.909475892240351,4.635462746475682,0.727529193054546,0.0310481145300648,8.282341650760536,199.04325862075345,2.724184754039302,0.0002,0.0002,0.2234766023785042,0.2836882808354979,0.2661277112348119,1.1101604020795344,0.1387470736059063,141.73358607292175
92,95.96324092980588,0.3836210167769229,,,0.2091301646312521,10.986649582505892,32.01971224566412,,,,,0.3771245965451905,1.892200222159877,4.667821884155273,0.7266148906765562,0.0319695459509437,7.9849124590555824,219.13165181477865,2.849624298919331,0.0002,0.0002,0.2372023902791838,0.2987199535582984,0.2454717539708707,1.003272338952432,0.1368773100235164,142.22699213027954
93,95.31521611069188,0.3800716182499221,,,0.2226634538373467,11.014055859443197,31.06390270041354,,,,,0.3768827770695542,1.835573783787814,4.668664513212262,0.7229295857024916,0.0317401459948583,7.869208234729188,194.4251642862956,2.49682835557244,0.0002,0.0002,0.2370698641798349,0.2963578584473892,0.220386937760108,0.7759959164944441,0.1044273562105008,141.42262887954712
94,94.54363777854226,0.3784295027906244,,,0.2206672330142399,11.238111272204522,30.91979316626181,,,,,0.3741434935367468,1.8580281293753425,4.60199089050293,0.7173108718611977,0.0299513568029259,7.855561747695461,165.49205024025656,2.427574914151972,0.0002,0.0002,0.2283907276292087,0.2876855927472674,0.2401420325040817,1.0477790832519531,0.1154358040964581,141.7617702484131
95,94.41792556300308,0.3822293945334174,,,0.2239177310266974,11.232630319435502,31.427954913517617,,,,,0.3741288262786287,1.8445051178787693,4.623104872848049,0.7206709688360041,0.0311314591968601,7.787093145197088,194.95824617328063,2.5718021121892063,0.0002,0.0002,0.2293879689451036,0.2900660051313858,0.2602817114005541,1.321292850558318,0.1457691068936215,142.32823610305786
96,96.92012079412288,0.3699754018675197,,,0.2514265702423436,11.571559160115331,28.734101833577927,,,,,0.3762294789155324,1.9317346399480648,4.5870793573784105,0.7234172510378288,0.0325508123658823,8.33462197563865,365.5196079369748,2.4939964121038263,0.0002,0.0002,0.2206256855799499,0.2793420493269766,0.2091321818655429,0.5638184167819316,0.121862264499207,141.91819763183594
97,95.28957598137131,0.3719597149978984,,,0.2234007732828236,11.084977901181697,31.55408943432004,,,,,0.3725049078464508,1.8608708721218687,4.56383505156546,0.7183707638220354,0.0301251511907938,8.082640289537835,185.024953807484,2.265453977295847,0.0002,0.0002,0.233124343043599,0.2945003049999642,0.2408481654008673,1.0296446777588828,0.1351815412025656,142.5133044719696
98,96.82095725319604,0.3685254485318155,,,0.2014062647712963,10.699715406535056,34.503040473554385,,,,,0.3718514554428331,1.9293095805428244,4.562613172242136,0.7194292686202309,0.031565346422069,8.377344845280502,225.2215167190089,2.3281870354305614,0.0002,0.0002,0.2444329921093733,0.3080167763726005,0.3285530219530926,1.742112823038794,0.1594759138020057,142.48011827468872
99,96.183579046076,0.3685746863032832,,,0.2221988629362436,11.341271341845976,31.641146036499705,,,,,0.3708646259524605,1.9008768038316208,4.552743235501376,0.7168306755297111,0.0308304125047994,8.280161863384825,221.68979133837152,2.245238069693248,0.0002,0.0002,0.2237743578809599,0.284034993395459,0.2642608523035848,1.3926238154565822,0.1437118740013525,142.343852519989
100,96.55410997795336,0.365903291015914,,,0.2294084865953669,11.286411711623549,29.52361448916643,,,,,0.3703562292185696,1.9109951532248293,4.560112768231016,0.7168842825022611,0.0308771753627242,8.338449816270309,230.88960790923147,2.323392348939722,0.0002,0.0002,0.2265738138939415,0.2873120857350653,0.2131451062816481,0.6023145917407627,0.1308408290966373,142.71178150177002
101,97.45167948404948,0.3621209174394607,,,0.2398736543495561,11.502791463329803,28.93346820596876,,,,,0.3687229999990174,1.9392992662661004,4.5341779217575535,0.7157000501950582,0.0312588966028256,8.568470564755527,281.0260618730025,2.290151360540679,0.0001986733333333,0.0001986733333333,0.2200096322837488,0.28084229224221,0.2171885013247335,0.7170744448400742,0.1419251680970747,142.1772658824921
102,97.07664744059244,0.3591064608458316,,,0.1967774696190264,10.611871815260562,32.508811439215805,,,,,0.3674964473103032,1.9303436907854947,4.533176179365678,0.7137800711573976,0.0306815513833002,8.501862800482547,207.0581248659076,2.0413378664941497,0.0001973466666666,0.0001973466666666,0.2453248634018711,0.3104344499843746,0.2620770443418172,0.9113737957437612,0.1827846396804632,142.348308801651
103,96.71276633522729,0.3665191917708426,,,0.2237682062820349,11.048499549567367,31.05253231325629,,,,,0.3669731842749046,1.9239042282104493,4.531146523446748,0.7157343528487465,0.0305088358282139,8.433595137162643,210.23086168693771,2.1238637212551,0.00019602,0.00019602,0.2349139508588354,0.2952311585069369,0.2320217395294977,0.8975794508470504,0.1068592074585582,141.96376729011536
104,95.74177995161575,0.3685008204344547,,,0.220529098084519,11.122507915816492,31.868263564296274,,,,,0.3674319984334888,1.8661474061734749,4.562860176780007,0.7206506523219022,0.0306126144573544,8.181646378835042,208.54696893403025,2.190821085915421,0.0001946933333333,0.0001946933333333,0.233542614142988,0.2928015126862339,0.2487908515184285,1.1385263817270377,0.1091216606551042,141.79584074020386
105,95.7645818536932,0.3660069959633278,,,0.2213307072996427,11.217683909325626,30.04588391394589,,,,,0.3673780835036075,1.882131749210936,4.565166352011941,0.7182206507885095,0.0312723859693064,8.180671556068189,270.39785866014887,2.233905806866559,0.0001933666666666,0.0001933666666666,0.2297320362575893,0.2886698079508776,0.22011272883948,0.8204687604025089,0.0900246078214387,141.81623005867004
106,93.48512092359138,0.3766261380730253,,,0.2241872998589244,11.22907308226857,30.56613023853835,,,,,0.3625599234393148,1.790637188246756,4.53156884800304,0.7152071226726878,0.0294476766816594,7.823653013055975,222.4926116018584,2.3794182394490098,0.00019204,0.00019204,0.2296546840800919,0.289013430392942,0.2274841311590631,0.8484244156816152,0.108105394156785,142.403954744339
107,94.13855905243844,0.3725867955973654,,,0.237098753452301,11.15088419141716,29.936910725172677,,,,,0.3614023978059942,1.8486937421740908,4.519160623261423,0.7104113441525084,0.0303469524239048,7.974297006202467,311.70032112815164,2.157458894180529,0.0001907133333333,0.0001907133333333,0.2317722602929482,0.2925705510144793,0.2137613438028197,0.7007994012459696,0.1177431933817694,142.5304353237152
108,94.87281822435784,0.3712005711866147,,,0.2467542940011903,11.483411458617482,29.549028023661183,,,,,0.3641491664178444,1.9008851224725896,4.511222397197376,0.7104336586865512,0.030909413279909,8.12084608078003,305.1847459966486,2.04843507752274,0.0001893866666666,0.0001893866666666,0.2215096910572584,0.2815397012167137,0.2297030920422943,0.8723393172525161,0.1426343326170684,141.94195318222046
109,94.23988744562322,0.3703731905330311,,,0.2245711587660805,10.990052121977566,33.37369916692126,,,,,0.3632563399546074,1.8777567560022528,4.508844655932802,0.710935055848324,0.0303346209340926,8.005155167435154,219.4406978260387,2.1569351095141784,0.0001880599999999,0.0001880599999999,0.2313474030468051,0.2949459163170287,0.3570525526334454,2.1214607308030797,0.2120960556400777,142.52438044548035
110,95.2315019087358,0.365794918753884,,,0.2428510215695344,11.385815796239417,29.57782512004149,,,,,0.3662003175778822,1.918176373568448,4.504226496725371,0.7121305830550916,0.0307294373598062,8.197389215411562,320.6152113712195,2.0634596951080093,0.0001867333333333,0.0001867333333333,0.2243375898073505,0.2838842236129931,0.2255403003213126,0.8163029431630779,0.1107535142194847,142.21050906181335
111,94.86848079796994,0.3646315716432802,,,0.2297309294093254,11.443426547769729,29.355072319840584,,,,,0.3619491477807363,1.9118550069404368,4.494483921744607,0.7101382963585131,0.0299465208342581,8.156342142278499,296.4528101834384,1.940706784436197,0.0001854066666666,0.0001854066666666,0.2234311410168695,0.2818163693284189,0.2168471773243483,0.8062226469290323,0.1053328271851193,142.94788241386414
112,95.09192000880384,0.3632396717866262,,,0.227512831794483,11.083818552880311,30.55455320773844,,,,,0.3646528135646473,1.8931161685423417,4.49279609448982,0.7119978861375289,0.0296821127899668,8.200992214318477,278.514322015011,1.932673425024206,0.00018408,0.00018408,0.2332916053313782,0.2951586139934689,0.2269997846480854,0.7733464111162963,0.1350558985864094,142.83848667144775
113,95.28546322909268,0.3655008083040064,,,0.2361166587089027,11.26186843957315,31.78052160593385,,,,,0.3642652166612221,1.9137429078420003,4.5062239473516295,0.7116196039951209,0.0304528140208937,8.209565023942428,287.38325592965793,2.000666193528609,0.0001827533333333,0.0001827533333333,0.2264657659903585,0.2874470416394026,0.2704852807788209,1.3904311530416904,0.18067224982786,142.4748673439026
114,95.98436700069544,0.3641770800857833,,,0.2334685418858874,11.329741451327362,29.59102696679824,,,,,0.3651090369080052,1.933189178958084,4.505447708476673,0.7123868042772467,0.0316879947190031,8.344059999061352,353.7202936345881,2.1382864977374223,0.0001814266666666,0.0001814266666666,0.2259220684040858,0.2864404610415411,0.2253728839438721,0.8991470663241168,0.1214419351734595,143.3745129108429
115,94.93034885290898,0.3633994922493443,,,0.2388651144571144,11.458022645065904,29.262751382156456,,,,,0.3630493386225267,1.913741642056089,4.492558687383478,0.7109672943751018,0.0294289527178713,8.169366533106023,260.0813599557588,2.058357518730741,0.0001801,0.0001801,0.2244530839627015,0.2816041961062553,0.2102525477302807,0.6696986905689346,0.0975562340165427,142.96486687660217
116,95.2682763301965,0.358453382506515,,,0.2342301993396695,11.240989386702385,32.520339635497365,,,,,0.3653466802654844,1.903532190033884,4.527331496729995,0.7146681453242446,0.0312233265263564,8.16043505524144,289.34720815022786,2.028401108944055,0.0001787733333333,0.0001787733333333,0.2300267735673062,0.2894159708609128,0.2913936919340208,1.789491177937172,0.1208754568404103,143.8024926185608
117,93.96009613961884,0.3670555459730553,,,0.2334152306924319,11.147494481262548,30.796821732760808,,,,,0.3619071147658608,1.892830592935736,4.505971269896536,0.7111101399768482,0.0294081039952509,7.954822967991684,251.0823160807292,2.0322214607036475,0.0001774466666666,0.0001774466666666,0.2333210140633183,0.2937938907292968,0.2340376467844627,0.9903242508126372,0.1100704141752014,142.9082498550415
118,93.46624663381866,0.3669085728399681,,,0.23558685666356,11.130419512700769,30.241624757564267,,,,,0.3634351936253634,1.8548437934933288,4.53183268922748,0.7124098579088847,0.0298891852073597,7.807379185069691,242.5461340933135,2.1997114997921567,0.00017612,0.00017612,0.2324710251898739,0.2918651963079441,0.2185344770966961,0.7959072273536767,0.091692678755222,143.18166780471802
119,92.65881393895005,0.3704096727298968,,,0.2390379446178841,11.2257402089721,30.35118019913828,,,,,0.3650899370511373,1.8410557421770963,4.544131096926603,0.711613143935348,0.0295177359924171,7.621689336950129,206.59802974354136,2.1459680351344024,0.0001747933333333,0.0001747933333333,0.2278757351736782,0.2893151910611371,0.2249879813727054,0.8367699088331041,0.107807256163443,143.7780523300171
120,93.19503030487984,0.3710353804357124,,,0.2399904261754211,11.295635415189093,33.92334301911253,,,,,0.3671618085919004,1.857057962995587,4.554013249368379,0.7143643082994403,0.0312770115155162,7.698369205359256,271.079597195712,2.244037144834345,0.0001734666666666,0.0001734666666666,0.226520122429512,0.2870220285554172,0.2753601603667829,1.668649694773072,0.1183009388469839,143.27770400047302
121,94.49325718735204,0.3650138631914601,,,0.2492582748056124,11.41316235931226,28.79913237374588,,,,,0.369801026763338,1.878475826436823,4.54062032699585,0.7153270811745615,0.0320780196086023,7.973955371163108,366.8869143399325,2.16917435797778,0.00017214,0.00017214,0.2224458842304165,0.2835611604445473,0.2055061176502504,0.5102668264724689,0.1138909193210206,143.54454469680786
122,93.1623100974343,0.3660235025665976,,,0.2326889187930016,11.228008547308724,30.654669479284877,,,,,0.3628752592838172,1.855935105410489,4.505363077105898,0.7105817050644846,0.0298305136123389,7.802284500815651,275.74497447158353,2.073305447173841,0.0001708133333333,0.0001708133333333,0.2278299331665039,0.2877698167742297,0.2376302640531316,0.9911168407461496,0.090963699728306,143.4859311580658
123,93.03025711521958,0.3690700847091097,,,0.2258909078283683,11.194499862926632,29.84505671495832,,,,,0.3675227212183403,1.831117716702548,4.561731916485411,0.7162037022186049,0.0305805384096774,7.6528827464941775,279.65219768177377,2.185498509443168,0.0001694866666666,0.0001694866666666,0.2297243822220317,0.2906515644915277,0.2155175515393305,0.6853626953156967,0.1165711747922932,143.83596801757812
124,91.71706223921342,0.3731517318523291,,,0.2278900799138586,11.38772190882507,29.278709209165093,,,,,0.3629917601744334,1.789465967091647,4.564516058835117,0.7120707284320484,0.0294444020950432,7.4066550283721,228.8901675599994,2.131211686134338,0.00016816,0.00016816,0.2205042246333713,0.2826259375950478,0.2170500199222031,0.6961583808147708,0.1653794003806633,144.56807208061218
125,92.98504324248344,0.3687492560256611,,,0.2370094050908222,11.209157741269586,30.23248854695752,,,,,0.3635840546001087,1.8292765068285397,4.542897657914595,0.7113558422435414,0.0297642845321785,7.694928400444262,251.7384495821866,2.23653195662932,0.0001668333333333,0.0001668333333333,0.2300987976223396,0.2897251834416522,0.2152506606705362,0.7294788257369782,0.0929236837161541,143.81194519996643
126,93.94601579145952,0.3644290402983174,,,0.2277685993210563,11.276055533126746,29.349625997703168,,,,,0.3627740959326426,1.880590149128076,4.541188318079168,0.7115339611515854,0.0301681204727201,7.881559030937426,282.6087053241152,2.1811297756252865,0.0001655066666666,0.0001655066666666,0.2269359427457415,0.2879136541036254,0.2098298121098033,0.6496985211718682,0.1287414287555151,144.23308658599854
127,95.32974784157491,0.3599691139026121,,,0.2304522278588577,11.130669108982191,29.44709385706726,,,,,0.3669199994116118,1.9379030762296732,4.541205911925345,0.7161292881676645,0.032505826414986,8.132985484961308,393.221415756688,2.1963350342981744,0.00016418,0.00016418,0.2303888145105798,0.2910952081893409,0.2050486789735336,0.5605585704968629,0.0896111685276253,143.51941752433777
128,93.75537345192647,0.3624772274132931,,,0.2373357448497964,11.456375974516629,29.223085296886595,,,,,0.3615675734751152,1.87135394486514,4.507278919219971,0.7099304759141171,0.0296971315687352,7.917301521879254,294.1958065148556,2.0191664280313435,0.0001628533333333,0.0001628533333333,0.2227071477048224,0.28257159214446,0.2184583252535186,0.8262777315171738,0.1164998357536295,143.83120226860046
129,93.99136588356713,0.36448008165215,,,0.2362062391622106,11.295797102944144,30.15207350320656,,,,,0.3607706823132255,1.8836151722705723,4.497306396021988,0.7085579348332954,0.0296504934403029,7.984977892673377,286.074906019731,2.099000173626524,0.0001615266666666,0.0001615266666666,0.227125088928798,0.2881506688101997,0.2311475463419653,0.952590859136102,0.1317468723923911,143.8529348373413
130,95.13551131739762,0.3614779428099141,,,0.2405092682918356,11.439443534978942,29.925658849364552,,,,,0.3622626340750492,1.9278768582777543,4.505126438718854,0.7110580765839779,0.0309173010628331,8.18332367810336,336.76703412605053,2.0094715197881063,0.0001602,0.0001602,0.2242658178233567,0.2837738158316585,0.2193300171271383,0.8220089350998735,0.1042731322167749,143.53950238227844
131,94.63377962979403,0.3590373645226161,,,0.2392335797155369,11.154854715869414,31.601946708210352,,,,,0.3618521202694286,1.9047577568978973,4.508829426042961,0.7083499951796098,0.0301416507385896,8.084034650976008,274.7548551154859,1.9480443752173224,0.0001588733333333,0.0001588733333333,0.2312740507072576,0.2933413962412147,0.2665897469613805,1.4072903674408044,0.1192943893955739,143.57461619377136
132,93.69323050759056,0.3675100819631056,,,0.2374680272027766,11.251268866341873,30.65137538164021,,,,,0.3595954398314158,1.8741306434978136,4.49133480534409,0.7057875965580795,0.0294967213024695,7.944373229055694,270.199725411155,2.0713304436568056,0.0001575466666666,0.0001575466666666,0.2298304515177977,0.2894222649782063,0.2259440721746263,0.8787705904944649,0.0940039589085392,143.41403436660767
133,94.60808997876715,0.3615829927451683,,,0.2288434552080804,11.10999971528293,30.26308621241394,,,,,0.3592568794886271,1.9034863789876304,4.49521637540875,0.7066857164556329,0.0302573486033714,8.11318560224591,308.36806328513404,2.075005526614912,0.00015622,0.00015622,0.2316823625031796,0.2932234552985463,0.2204085332887798,0.7455819062680505,0.1499239912697112,143.61154055595398
134,95.09497393983784,0.3610189106428262,,,0.2198630594674435,11.402769078089538,29.27673369679371,,,,,0.3614806408231908,1.9070628968152128,4.505849760228937,0.7099137168942076,0.0306666651345563,8.180741052916556,303.87290309559216,2.032160662882256,0.0001548933333333,0.0001548933333333,0.2230274990284243,0.2838733129661176,0.2142673651765844,0.6840600574482752,0.1320093150460464,145.67147660255432
135,94.54379078258168,0.360705463994633,,,0.2309595100040542,11.165073160352652,30.237274702700823,,,,,0.3619330873995116,1.909450023102038,4.508726943622936,0.7108613288763798,0.0298646439657066,8.062740921251702,294.8183051369407,1.965345518878012,0.0001535666666666,0.0001535666666666,0.2284516762088796,0.2909348903421583,0.2265355778473049,0.7840478633369148,0.1749143910696608,145.89038372039795
136,94.00292658950345,0.3619689746336503,,,0.2348416667410781,11.287014625591938,30.09159725338387,,,,,0.3605434907205177,1.8743226325873168,4.511553339524703,0.7078153592167479,0.0295010423795743,7.961911397991758,235.10558665882456,1.9610092069163467,0.00015224,0.00015224,0.2276054983698456,0.2886646476537822,0.2242013952752065,0.795150455815832,0.1278106722515943,145.88604283332825
137,95.06609885475852,0.3582136072895743,,,0.2484302347598795,11.754097645509177,28.877799614847707,,,,,0.3623599847157796,1.92716510368116,4.508602405316902,0.7083255001992891,0.0308056202801791,8.165214318940134,352.73679592248163,2.022655985933361,0.0001509133333333,0.0001509133333333,0.2174816950739429,0.2731329718781583,0.2127211966328114,0.7681119888188452,0.0998502166133575,146.41599202156067
138,94.81395568847655,0.3628478743813255,,,0.2277326753685594,11.22652633496503,30.167452934733983,,,,,0.3601984248016819,1.924177914677244,4.488202080582127,0.7066747495622346,0.0299923601024078,8.162482856981683,333.8279333403616,1.9838185953371448,0.0001495866666666,0.0001495866666666,0.2306148399853839,0.2907401469832692,0.2211612176628752,0.7796788015845102,0.0973555928502002,146.69801139831543
139,94.56822338682232,0.3578670156724525,,,0.2325839376982364,11.319207239417391,30.777987442869048,,,,,0.3575845033833474,1.9063008554054028,4.489064635652484,0.7050226590850136,0.0290615687541889,8.122438826705471,252.79734538685196,1.9086555423158589,0.00014826,0.00014826,0.2263308880049423,0.2871556175487667,0.2397483963540146,0.8955757371540176,0.1154570182823546,147.50278282165527
140,94.1527768684156,0.3591675873958703,,,0.245461256144433,11.324837178491348,37.72706633839528,,,,,0.3568525950113932,1.8817964813926005,4.514495739792332,0.7065694476618911,0.0304257727707877,7.99275969881,297.4177886038116,1.9717758337656657,0.0001469333333333,0.0001469333333333,0.2268261153604731,0.2867733653031248,0.3126842642629612,1.889279201044051,0.1219566605943541,227.9362964630127
141,93.30093823057231,0.3635519963322264,,,0.2429646679808973,11.5460849101317,29.97971819232962,,,,,0.3550935196154045,1.8697393821947503,4.48922015392419,0.7037346157160672,0.0292597833004864,7.882173971696333,284.74969727487274,2.0851992361473317,0.0001456066666666,0.0001456066666666,0.2204301250713497,0.2790314655064204,0.2264109125683427,0.8676928701347479,0.0950179451337739,138.49632000923157
142,94.0507529518821,0.361336136135188,,,0.2426396102212661,11.322359415405955,31.749512496607263,,,,,0.3587718466917673,1.8945074832800664,4.504246815768155,0.7051609241601192,0.0303944889004483,7.987893043864857,315.3707777543501,1.942406540928465,0.00014428,0.00014428,0.2265568112527858,0.2863149409853546,0.2673421239053737,1.6150755709110023,0.1075277238723508,137.65528893470764
143,94.39648844401042,0.3590891348593162,,,0.2292528135816478,11.286820523565709,29.76730006766719,,,,,0.3591272303552338,1.911670533093539,4.495983357862992,0.7055912212892013,0.0296462207581057,8.069292759172844,305.4855865940903,1.9044634154348663,0.0001429533333333,0.0001429533333333,0.2277085514707938,0.2882889036359733,0.2180247018790111,0.76580152098693,0.12408907708731,137.75685286521912
144,95.7074862393466,0.3567321659940662,,,0.2190016594678996,10.95511328841055,31.03520264439077,,,,,0.3638953234210159,1.9314161633000229,4.512380403460878,0.7104483394911795,0.0312020212976318,8.279733397743918,343.2047303170869,2.020526106068582,0.0001416266666666,0.0001416266666666,0.241605993422716,0.3013282301705642,0.2222436410088779,0.8094289998768428,0.1091076204175167,137.72908902168274
145,95.02273106430516,0.3581290781497955,,,0.2341673827038131,11.550325212531916,30.070937865273248,,,,,0.3579155230160915,1.9096209237069797,4.484175580920595,0.7045486775311557,0.0296615188320477,8.222026507059732,304.4002456665039,1.8552709911808825,0.0001403,0.0001403,0.2245320601170289,0.2804618038278718,0.2239293360343858,0.8792665737301277,0.1032710103682299,137.70045638084412
146,95.0259662512577,0.359037974205884,,,0.2400347607095814,11.40979911761577,30.08127258343404,,,,,0.357006447242968,1.9081560936841095,4.49243888276996,0.7036772930260861,0.0299028854591376,8.209032850554495,335.0973470976858,2.0391927831100696,0.0001389733333333,0.0001389733333333,0.225175129634708,0.2842582637371297,0.2227900063192378,0.7695378031810569,0.098762269362502,137.85672187805176
147,94.54804215864702,0.3594978589000124,,,0.2320671830763364,11.497182494435233,29.4799450282944,,,,,0.3566035427830436,1.8999782815124049,4.4922163818821765,0.7048825151992567,0.0291286101959871,8.115438932361025,267.39884509462297,1.912344745072452,0.0001376466666666,0.0001376466666666,0.2229810237218547,0.2822612444115751,0.2213989181558513,0.8657801704033793,0.1267403017458968,137.72125911712646
148,94.86983231053208,0.3583548027457613,,,0.2358217325956461,11.253477938348354,30.95047883614481,,,,,0.3576184932029608,1.9067283594247064,4.519901290084377,0.7088849801005739,0.0293993968742363,8.116936539158676,278.4775542288115,1.8559007399009932,0.00013632,0.00013632,0.2317131378131205,0.2906469379723405,0.2308597866050357,0.9200849949314608,0.0947880328839273,137.65471768379211
149,94.85884353175308,0.3540595370711702,,,0.2477194370504198,11.52454365565124,33.67964415310482,,,,,0.3565581061623313,1.8971432917045823,4.55199846498894,0.7054214665384003,0.0305945316498929,8.057567634004535,279.4249183885979,1.8702754739559055,0.0001349933333333,0.0001349933333333,0.2206649507224226,0.2783600571435257,0.2681034866658003,1.463666756725844,0.1086500571239427,137.84029579162598
150,95.7155532836914,0.3523381388548648,,,0.2271401945439131,11.27513627633036,30.398854314281955,,,,,0.3588958554195635,1.9297947052753333,4.52838183894302,0.7075396284912572,0.0305754558832356,8.262826488957261,406.2524614738696,1.8745293125961768,0.0001336666666666,0.0001336666666666,0.2307455872690211,0.2902308402780714,0.2239940327972007,0.8895348843249529,0.0898843972598596,137.66474509239197
151,94.78482887961648,0.354979024511395,,,0.2327818530897854,11.436446035374477,30.121871191696084,,,,,0.3543157555840232,1.9076783462004228,4.522344595013243,0.7032912716721044,0.0292435079135678,8.10712085203691,224.8875240903912,1.85676293499542,0.00013234,0.00013234,0.2246652711703124,0.2836038470268249,0.2256348496875283,0.9194472458775484,0.0887899237721325,137.76473116874695
152,95.46794738769532,0.3535634447227825,,,0.2356482281365208,11.35377331952143,29.873098384068665,,,,,0.3560650778539253,1.9232311082608773,4.500098540566184,0.7036959973248569,0.0296816579320214,8.281047303748853,347.1986237497041,1.8520614208597128,0.0001310133333333,0.0001310133333333,0.2258165715127018,0.2870513813455677,0.2190948120375585,0.6959224543091971,0.1477451033099403,137.63133692741394
153,96.13247652920808,0.3538123942685849,,,0.2325081072706084,11.35378493410249,29.48774494405565,,,,,0.3585084355238712,1.9370255347454184,4.515429600802335,0.7064470413959387,0.0306755099897131,8.372496801434142,350.8411215117483,1.944199647325458,0.0001296866666666,0.0001296866666666,0.2250135237944192,0.2862072030925218,0.2165666978452458,0.6668555769840432,0.1378514869225313,137.76263451576233
154,96.01016105883048,0.3555462538292914,,,0.2257770153397288,11.294941694376854,29.5339785314805,,,,,0.360004970702258,1.935854145974824,4.509785215782396,0.7074366970495745,0.0309358052570711,8.355469981106845,403.5385328350645,1.895164103580244,0.00012836,0.00012836,0.228696643973196,0.2883937585287254,0.2096761951233421,0.6729285357384708,0.1070078790354329,137.8109576702118
155,95.69421340479995,0.3559104883309567,,,0.233714001138783,11.27198927895317,29.99677555787497,,,,,0.3556518242214665,1.9252472082773844,4.513480033296528,0.7071171655799403,0.0293441918989022,8.296674679264878,291.8260221076734,1.8281509999072916,0.0001270333333333,0.0001270333333333,0.2307894080044837,0.2907717221276054,0.221022898424937,0.7689416055572765,0.1105546002836422,137.82143831253052
156,95.1985125917377,0.3528797559665911,,,0.2324999887184057,11.18269697647521,31.308811550033823,,,,,0.3529204110304514,1.9070469090432831,4.504606353875363,0.7021482247294801,0.0290978712453083,8.229452147628322,260.1334102746212,1.785950514945117,0.0001257066666666,0.0001257066666666,0.2314627323736691,0.2920931327942363,0.240795828943146,0.9879039326193612,0.1072982405928038,137.74292826652527
157,96.45522964939929,0.3517346011869835,,,0.2331222012722292,11.292177722440751,30.631733771808985,,,,,0.3578665812810262,1.9631498372916016,4.496502567060066,0.7047306714635907,0.0310372519447948,8.472532122062914,417.942822265625,1.8129990631883797,0.00012438,0.00012438,0.2283934581213157,0.287616214605683,0.2302055458782771,0.8975028175881455,0.1035562196618129,137.80983471870422
158,95.76290967536696,0.3516283584363532,,,0.2372155269431002,11.418888795309227,33.33271722420634,,,,,0.3535707191987471,1.933861701416247,4.490858586629232,0.7024174722758206,0.0294468905212301,8.36275472351999,293.95014458858606,1.7403836167219913,0.0001230533333333,0.0001230533333333,0.2253790914013399,0.2847127394969237,0.266004622398808,1.4808640220311766,0.118407009297798,137.91206431388855
159,96.38926266756924,0.3499978531490673,,,0.2317468077776818,11.208647957061256,30.652215126506444,,,,,0.3548171657504457,1.9579628756552032,4.499139086405436,0.7029500856544032,0.0304737600864786,8.463207950014057,344.041413232052,1.8104795116366763,0.0001217266666666,0.0001217266666666,0.2315217855922336,0.2920686622571679,0.2267396371790816,0.8743736947048976,0.1061928353967835,137.91323161125183
160,95.26966626716384,0.355095185655536,,,0.2268974065114666,11.231547478191011,29.947362377656905,,,,,0.3534500564589645,1.9101937994812477,4.510010190443559,0.7039354837302005,0.0295772290591037,8.229207587964607,308.1325347900391,1.826500163295052,0.0001204,0.0001204,0.2300559848380488,0.2911204462610809,0.2196537274555121,0.6954053500511127,0.1013498603603915,138.04100108146667
161,95.07800727613044,0.3553795402700251,,,0.2271639807930205,11.182923641950724,31.23018661158045,,,,,0.3539612161390709,1.903777213530107,4.528855765949596,0.704525934566151,0.0299425213964599,8.152709091070927,331.3899957599062,1.8410188255888045,0.0001190733333333,0.0001190733333333,0.2322639819630031,0.291981358101914,0.2346009202509619,1.0456890227408382,0.084371416317906,137.76988101005554
162,94.67756717566289,0.3563063717249668,,,0.2472576975156475,11.295332050856263,31.696375425967425,,,,,0.3523261091925881,1.886455392115044,4.534921692356919,0.7036696697726395,0.0296656958081505,8.068190794280081,285.44124039158675,1.9662190820231584,0.0001177466666666,0.0001177466666666,0.2225773600892647,0.2842770049025893,0.2999814752093906,1.7231354054125994,0.1285494575537117,137.95093655586243
163,94.05088376131924,0.3573349591457482,,,0.2108320330774317,11.062622752269553,36.85726434292074,,,,,0.3514101062760209,1.86123673843615,4.53158841566606,0.702347812869332,0.0295873725956136,7.957749597954027,293.88412376172613,2.0904654253612867,0.00011642,0.00011642,0.2310668493116368,0.2942830237596394,0.3197006233577621,1.755825564847978,0.1952430579804397,137.87660121917725
164,94.87634568647904,0.35258991411238,,,0.2293788913907951,11.347739384827,31.184519421454915,,,,,0.3553180875200213,1.8908157254710345,4.529886768803452,0.7046885761347684,0.0302857030295964,8.109893420248321,314.52896719267875,1.8896231318965104,0.0001150933333333,0.0001150933333333,0.2271592400593464,0.287003878108616,0.2381020626209301,1.034749768965737,0.096895063639353,137.76623940467834
165,95.03512291185784,0.3543205850052111,,,0.2348664739278441,11.476096382354225,29.803379421127573,,,,,0.3574434753620263,1.8958387858939891,4.527635715947007,0.706866179451798,0.0306889968162233,8.138556616234057,302.77097070867364,2.1016655073021395,0.0001137666666666,0.0001137666666666,0.2239791670991056,0.2829100802624026,0.2227608786281926,0.799772759056624,0.0967850494900895,137.77527689933777
166,94.3713270707564,0.353128876469352,,,0.2343847112282694,11.46831124588098,31.22587167750524,,,,,0.3516597196911321,1.880325561581236,4.518714318130956,0.7049113215822163,0.0290409239855679,8.040924453735352,217.89587901722305,1.8761067986488345,0.00011244,0.00011244,0.2235198886700848,0.2823915218507777,0.234999233867203,1.1691735456775687,0.0902245803640763,137.80596375465393
167,95.38706549442176,0.3500769904165557,,,0.2427354045420385,11.555381860146976,29.32681615392589,,,,,0.3531941923228177,1.92420695550514,4.498560278343432,0.7052675120758288,0.0297736869278279,8.271885799639152,331.70418243408204,1.833495358987288,0.0001111133333333,0.0001111133333333,0.2213094594092342,0.2801422100493362,0.2152918535570858,0.7512868895877007,0.09657382759746,137.7941882610321
168,96.4347161957712,0.3475468271609508,,,0.2317637501482191,11.434203462227762,28.93984011431646,,,,,0.355388961055062,1.9461009841976744,4.511432910687995,0.7061512611129067,0.031639476301092,8.44527227228338,375.2905037157464,1.8354506228909349,0.0001097866666666,0.0001097866666666,0.2232414610559047,0.2829853908975697,0.2058598173563706,0.5627564498166132,0.1041874799051875,138.67499089241028
169,96.62051137288412,0.3453529800429488,,,0.2508896246302727,11.347793984013563,31.398554604812706,,,,,0.3536632120609283,1.967631846485716,4.494129380312833,0.7049036401690859,0.0322092195126143,8.51720342058124,438.4211312496301,1.8292856191143845,0.00010846,0.00010846,0.2265691797160569,0.2865114758134554,0.2507324272860362,1.3666155038599197,0.0972227125915957,138.31984663009644
170,95.38566228693182,0.3535296965729106,,,0.2382942228343899,11.31396484375,29.66797642201685,,,,,0.3503679013613499,1.9237968264204084,4.491302946842078,0.7031789906097181,0.0291496408030842,8.294192695617676,271.0088549064868,1.8396451169794257,0.0001071333333333,0.0001071333333333,0.2255126267838078,0.2870284472097897,0.219946241661823,0.674324847133466,0.1368314180613341,138.199134349823
171,95.87832128351386,0.3503662047964154,,,0.2354083107836419,11.462677918332917,29.228037274749585,,,,,0.3501835344415722,1.9447540839513144,4.496228197849158,0.7038013042825642,0.0289414505502491,8.37851204438643,251.7650571418531,1.7471012610377687,0.0001058066666666,0.0001058066666666,0.2231359461832313,0.2835819238391002,0.2190794352046604,0.7731538984362639,0.1145405587384709,137.927086353302
172,96.42459818522136,0.3469610875303095,,,0.2410330049818454,11.49063329856489,30.09486670467441,,,,,0.3517260233561198,1.9682803327387028,4.497391050512141,0.7052074212016481,0.0294862124391577,8.476027549396862,313.4183185461796,1.7606655037764347,0.00010448,0.00010448,0.2237259572444681,0.2822755222214,0.2330568739988284,1.1123523918610043,0.1011679289200008,137.9798150062561
173,96.5185439601089,0.3483020974831147,,,0.2355950771097364,11.521666585400116,29.4882580634602,,,,,0.3515447549747698,1.9731211517796368,4.499072756911769,0.7058453437053795,0.0305127260021188,8.48979900822495,329.2057993108576,1.8265470497535936,0.0001031533333333,0.0001031533333333,0.2210128180807529,0.2802849901455074,0.221252244944013,0.8161830655689346,0.1009086196829375,139.04144310951233
174,95.48021711869671,0.3497016605102654,,,0.2333423768341874,11.37214247208068,30.968180928150367,,,,,0.3505222526463595,1.934898551305135,4.514969646569455,0.7033737590818694,0.0291597590866414,8.263042282335686,246.81479709509648,1.8797345107251948,0.0001018266666666,0.0001018266666666,0.2242812304523404,0.285190689164167,0.2354677057299534,1.0435523161009037,0.1182233071859988,139.13813161849976
175,95.86421790845466,0.3513212671785644,,,0.2255916398996747,11.34257127985608,29.971975912594928,,,,,0.3525669303807345,1.9349090626745515,4.524799517429236,0.7054627317370791,0.0297698917262481,8.313758205645012,282.14543119488343,2.15952911160209,0.0001005,0.0001005,0.2265776116088781,0.285555121951929,0.2171837113090067,0.77526046011035,0.0975661996051363,138.85073590278623
176,96.52570777661872,0.3481147141167612,,,0.2437576515048576,11.574340735067867,29.27596075175195,,,,,0.3522912706389571,1.9551817164276584,4.519945450985071,0.7037436214360324,0.0302885236387903,8.453772807843757,339.6032010165128,1.7213143740639545,9.917333333333331e-05,9.917333333333331e-05,0.2209783372932306,0.2798130239188338,0.2199423967460014,0.8854867060091243,0.0968501033535438,138.81837821006775
177,96.36355114561138,0.3480974746472908,,,0.2427201887082787,11.50183736279024,29.712139278816775,,,,,0.3501005678465872,1.9429513562809335,4.51643668088046,0.7026248090194933,0.0297050692253943,8.436538644270463,327.5685662471887,1.736693525314331,9.784666666666668e-05,9.784666666666668e-05,0.2230724992032823,0.2828983787717766,0.2275299863608856,0.9602565971832702,0.106190357586192,138.8569905757904
178,95.69745598995324,0.3516463364615584,,,0.2231544256210327,11.302953496325616,31.54231195076884,,,,,0.3489827248183164,1.9245914488127736,4.546773942311605,0.7030674237193484,0.0293731804711349,8.248242788603811,242.43287066835344,1.6927697882507786,9.652e-05,9.652e-05,0.2262203160610945,0.2872862243119565,0.2736320483118462,1.552233832508492,0.1360080847256509,139.01054453849792
179,95.1018495501894,0.3514131578532132,,,0.2314976027557969,11.348622455277257,30.28429657920113,,,,,0.3501077890396118,1.884172999497616,4.562464269002279,0.7060967803001403,0.0292406711953155,8.10059814453125,231.81780303030305,1.816200862870072,9.519333333333334e-05,9.519333333333334e-05,0.2246363522620174,0.2857240152092619,0.2298628008565423,0.9377413095708664,0.1070325251155337,202.75567436218265
180,95.27043396920868,0.3506399370504148,,,0.2311649718764108,11.354894286427418,31.53046367155107,,,,,0.3537104707775694,1.8986407771255032,4.572454591230913,0.7085404273235436,0.0302384363656694,8.10139271996238,303.1943060210257,1.939973498835708,9.386666666666668e-05,9.386666666666668e-05,0.2253514681448483,0.2861189472608726,0.2378291298723753,0.9783800147765176,0.1001322502148939,139.1282000541687
181,95.5943828235973,0.3492047467015006,,,0.2368413945816082,11.512990855637875,29.43973444293997,,,,,0.3519468217185049,1.9229230273853648,4.547737534840902,0.7065219015786142,0.0302462574658971,8.216302787896359,374.8994881369851,1.7874583927067844,9.254e-05,9.254e-05,0.2220192964516538,0.2809779933711004,0.2156457315776601,0.7382781175927743,0.0939396386983452,138.80090594291687
182,95.52814224705553,0.3493889375166459,,,0.2300065948976484,11.45031299271397,29.97253138792581,,,,,0.3500515538634676,1.9191464532505385,4.543339050177372,0.7053461089278712,0.0292552139610052,8.217969726793694,261.44404934969816,1.8436380238244028,9.121333333333334e-05,9.121333333333334e-05,0.2224951123392115,0.2824114021642248,0.2287613970940339,0.882455792173993,0.1011549461445661,138.75801420211792
183,95.48835638797644,0.3503786326357813,,,0.2208293030381868,11.300960604704958,29.98113828264801,,,,,0.3489347289909016,1.916212392575813,4.545775780533299,0.7055895176800815,0.0296251743015917,8.207568229328503,294.37475535074867,1.9668992548277884,8.988666666666667e-05,8.988666666666667e-05,0.2283635275989937,0.287935566968758,0.2180468677308972,0.8471532280884642,0.092423421738312,138.4688789844513
184,95.48719972552676,0.3499924874666965,,,0.2140542405277657,11.28481224528904,32.16034547177107,,,,,0.349297709717895,1.9095042553814972,4.550987706039891,0.7068569483179035,0.0290478388129761,8.196492192239472,241.3016222867099,1.7754304979786728,8.855999999999999e-05,8.855999999999999e-05,0.2254468895203574,0.2875531498946291,0.2595810911009431,1.106234853494101,0.1377191584248588,138.3266773223877
185,95.34301623720113,0.3519491067438414,,,0.2329457608681151,11.349321439945498,31.074195105270302,,,,,0.3491343052098245,1.9049673723452016,4.561397500471635,0.7075245597145774,0.0291306661611253,8.147369329857105,267.2360475482363,1.843556916713715,8.723333333333334e-05,8.723333333333334e-05,0.2249797362855027,0.2854069331504779,0.2628786604664179,1.2340649386357996,0.1104839830251768,138.34517812728882
186,95.56927439371744,0.3494412684079372,,,0.2296943131771833,11.387257197715718,30.306757751123865,,,,,0.3499575822642355,1.910648051175204,4.570958894671816,0.7081541679122231,0.0299266798252409,8.169767506917317,317.82874695748995,1.8531530466946688,8.590666666666667e-05,8.590666666666667e-05,0.2239123729354176,0.2848095231216047,0.2447446281683511,1.146442780947552,0.1195837679549746,138.3955180644989
187,95.45984843860973,0.3509730649716926,,,0.2321439122354518,11.58518389483404,29.206474357477116,,,,,0.3480758909023169,1.90351948521354,4.566149581562389,0.7066231182127288,0.0295534948056394,8.164370343179414,294.6218755086263,1.755503985376069,8.458e-05,8.458e-05,0.2187330406471337,0.2784354020763376,0.2292686754098817,0.9429254485242192,0.1130408111689143,138.31705451011658
188,95.08683420817056,0.3513392361727628,,,0.2350346982146108,11.505484426487758,31.46164296326025,,,,,0.3464160444158496,1.8913448947848697,4.555632735743667,0.705590709772977,0.0288864091151591,8.117854991103664,215.07045084635416,1.8051114076917825,8.325333333333333e-05,8.325333333333333e-05,0.2213811558052148,0.2808346948144156,0.2542304750427853,1.110263737220338,0.0955699518205012,138.460369348526
189,95.63086191813152,0.3498132849281484,,,0.2280102921597784,11.477233055583593,30.594127473884456,,,,,0.3489098539858153,1.8971241120136144,4.563647533185554,0.7061273928844567,0.0294816986855232,8.203712683012991,277.82259692567766,1.8254738601771268,8.192666666666666e-05,8.192666666666666e-05,0.2219310739186889,0.2816016973729906,0.246057117617996,1.2223482844549851,0.1077033432835307,138.04162645339966
190,95.35490546948982,0.3503674765427907,,,0.2143544964284204,11.274266546664958,30.689157976118548,,,,,0.3463199992974599,1.8966177398508248,4.562701124133485,0.7042180682673599,0.0294747485130122,8.157607393553763,297.2446402347449,1.6606234396948958,8.060000000000001e-05,8.060000000000001e-05,0.2278749326753882,0.2882101402602382,0.2331896054678123,0.9474730648142,0.1036920689975971,138.29575634002686
191,96.00858348499644,0.3498931484692024,,,0.2326602046716146,11.48865928863014,30.08110941455351,,,,,0.3477019561059547,1.909846451065757,4.566222153287946,0.7047755718231201,0.0302968650378964,8.275004875298702,330.6197868115974,1.835444891091549,7.927333333333333e-05,7.927333333333333e-05,0.2207202058930636,0.2808706893601231,0.232222838108766,0.868876037983921,0.1114977117995532,138.1929247379303
192,95.1037993922378,0.3513936328165459,,,0.2291839342543532,11.38267687579107,30.51088546241462,,,,,0.3457686454960794,1.8854193217826607,4.560894758051092,0.7030618335261489,0.0290812115551847,8.115654922254159,229.3380197236032,1.74773099639199,7.794666666666668e-05,7.794666666666668e-05,0.2253588461343136,0.285012269819249,0.2457747080639088,1.086860002752123,0.099037646775583,138.435884475708
193,95.01954026655716,0.350618853894147,,,0.2335219719556457,11.494641010987692,30.91402806116882,,,,,0.3449339926242828,1.8752734169815528,4.563241776553068,0.7018278905839631,0.0288136115579894,8.099148429523815,212.49481404622395,1.7834587881059358,7.662000000000001e-05,7.662000000000001e-05,0.221877172006575,0.2812444647597201,0.2376044837123188,1.0451140596879926,0.1066321445632468,138.41600918769836
194,95.4776992335464,0.3484025351928942,,,0.2322463692899523,11.53093638500022,29.246627828928347,,,,,0.3457003351413842,1.899886789466396,4.568089181726629,0.7031552755471432,0.0298778502891461,8.172876970695727,364.9419036402847,1.6393131573994957,7.529333333333333e-05,7.529333333333333e-05,0.2212623800645327,0.2802362735045022,0.2169818372866294,0.7277643800447773,0.0926349033884273,138.10623931884766
195,94.9386366410689,0.3510847243395719,,,0.2320909173794965,11.63494902882496,29.614129178350865,,,,,0.3448896935491851,1.8693002512960724,4.560461209037087,0.7019102475859902,0.0289273028459512,8.089684304324063,213.43381259802612,1.802335848230304,7.396666666666667e-05,7.396666666666667e-05,0.2177743225790268,0.2761799603201157,0.2257172996438415,0.8817868728877446,0.0912179233475104,138.22218108177185
196,95.20433442086885,0.3498949001232783,,,0.2328024386693645,11.493416940699742,29.31294659662513,,,,,0.3450791541374091,1.8645399671612364,4.573087981252959,0.7022751060399142,0.0299494643102992,8.117369807850231,325.60380887118254,1.7084935318339955,7.264e-05,7.264e-05,0.2214309733007207,0.2809120726318999,0.219611990468462,0.7753794805963612,0.1005442182583738,138.4055211544037
197,94.9180063421076,0.3517068987542933,,,0.228179779465638,11.444297897083134,29.53034608723731,,,,,0.3441325254512555,1.8646792166160813,4.565368909546823,0.7006072441736857,0.0291195052817012,8.07940755034938,256.1516919222745,1.6800016591043183,7.131333333333335e-05,7.131333333333335e-05,0.2216445840270825,0.2809582715593903,0.223003072445619,0.7847805898948754,0.0916678261226893,138.42213368415833
198,95.18989886659564,0.3484160949786504,,,0.218226973237938,11.318548000058648,30.478591599277944,,,,,0.3444857656955719,1.8697988004395456,4.563696841037634,0.7021332737171289,0.0291905783116817,8.133845392862955,271.8082050670277,1.7184138482267206,6.998666666666667e-05,6.998666666666667e-05,0.2269689633859602,0.2862843488181769,0.2292754261353828,0.9084401643476008,0.0901715188275058,138.3282766342163
199,95.34167998342804,0.3496337328896378,,,0.2245300308952118,11.287442724132005,30.282262983268865,,,,,0.3449844969041419,1.8726000287316065,4.573668384552002,0.7019857482476668,0.0297546080906282,8.142622629801432,298.43908867113515,1.5433565224661971,6.866e-05,6.866e-05,0.2278552721332571,0.2879796600874575,0.2273915270187335,0.8376010466554311,0.0941797631135421,138.4381730556488
200,96.744572726163,0.3446575025717417,,,0.2236042668699552,11.32992794527022,29.45885917194729,,,,,0.3499266050078652,1.916950728676536,4.585675996722597,0.706222002434008,0.0329660781856739,8.374910704294841,455.16359983502014,1.691611503832268,6.733333333333335e-05,6.733333333333335e-05,0.2288154766546281,0.2874770097892377,0.2097511536249235,0.6953847791229546,0.0891231812633837,138.44837498664856
201,94.80113363554985,0.3516334912993691,,,0.240724083764593,11.636422631460862,29.43177339351377,,,,,0.3421812402479576,1.8646323630304047,4.561586507161459,0.6997127153656699,0.0289289177480069,8.068480425169973,213.2206254901308,1.697869930122838,6.600666666666667e-05,6.600666666666667e-05,0.2183415766534858,0.2772980322384967,0.2269721577287386,0.8317123305198201,0.0910194535883667,138.50835514068604
202,95.09537385882751,0.3480504883058143,,,0.2267366960727968,11.48850399422246,29.57892111027041,,,,,0.3430666226329225,1.8588524717273132,4.568489250992283,0.7004901358575532,0.0291985087209578,8.112023001006156,242.12092100201232,1.6663336244496432,6.468e-05,6.468e-05,0.2222529323407391,0.2812573353671495,0.2216212244173667,0.823189590896308,0.0856730084956469,138.6071698665619
203,95.10581886985084,0.3497122697757952,,,0.2271554703153045,11.411816772801917,29.427345062767326,,,,,0.3424579934640364,1.8777044715303364,4.565587491700144,0.6994498935612765,0.0292400776662609,8.11838595939405,260.2518136689157,1.6612605904087876,6.335333333333334e-05,6.335333333333334e-05,0.2250654577542949,0.2844634508953414,0.2134960877329277,0.696349664773355,0.0896185282444376,138.9068741798401
204,96.17295661695076,0.3441807332363996,,,0.2227217604994107,11.480738719748386,28.90228066897259,,,,,0.3442965671871648,1.900530296383482,4.579737567901612,0.7017278342536002,0.0314048015935854,8.292127172874682,382.57337244207207,1.6506729624488137,6.202666666666666e-05,6.202666666666666e-05,0.2215558197245251,0.2806705689297042,0.2117545099398277,0.6823221248621382,0.1104748726057606,138.46656203269958
205,95.07597628506748,0.351659862019799,,,0.2357944869462338,11.533168217323343,29.81660540277065,,,,,0.341144934386918,1.8828087358763723,4.549473040031664,0.6987629074038881,0.0294292788726813,8.146862897005947,279.1279591878255,1.6943491187962618,6.070000000000001e-05,6.070000000000001e-05,0.2200193564985051,0.279678537858931,0.2415825365808423,1.1529953313273424,0.1100222093696589,138.59583115577698
206,95.73532252456202,0.3443326781193415,,,0.2423631558871136,11.617488413549667,29.407635928532265,,,,,0.3445083504373377,1.885773277282715,4.568291109258478,0.7024710629925583,0.0300462924395546,8.229821395874023,271.5796524510239,1.5638796930963343,5.9373333333333336e-05,5.9373333333333336e-05,0.2196557188833226,0.2770760056026821,0.2211320207938135,0.9016614952566904,0.0865723278019681,138.43576979637146
207,95.1954508001154,0.3495750187924414,,,0.2346835219660284,11.568773663909742,29.146811128328636,,,,,0.3418565531571706,1.8843262629075483,4.552706360094475,0.6984765446547306,0.0293146784445553,8.162896653377649,262.8366778287021,1.6852580868836604,5.804666666666666e-05,5.804666666666666e-05,0.2196758336195066,0.2786120439374913,0.2167372064217508,0.7450257616336119,0.0879172712592217,139.07503390312195
208,95.09436233982896,0.3469125637502381,,,0.2287321906516005,11.357758420805691,29.437605596787435,,,,,0.3409034660368255,1.8635284452727348,4.563637253732392,0.6982108365405689,0.0291920590129765,8.127197632645116,215.94009293064929,1.543661570187771,5.6720000000000006e-05,5.6720000000000006e-05,0.2248814771961233,0.2846537249048328,0.2141859216730021,0.7405371349617089,0.0912035067931678,138.5312225818634
209,95.05898941502429,0.347373775099263,,,0.2388796426730449,11.446877165213644,29.592602404802204,,,,,0.3412608628923242,1.8673101988705725,4.553603568221583,0.6987661856593508,0.0290100764708988,8.138236785657478,244.90360620672053,1.517019136024244,5.539333333333333e-05,5.539333333333333e-05,0.2215661030241897,0.2821146579428092,0.2233284832545499,0.8128363766483755,0.1039276520411173,138.64335417747498
210,95.66824031020656,0.344466520800735,,,0.2298099708290739,11.397924497806828,29.23436385426441,,,,,0.3428820463744076,1.887898022478277,4.560613493485884,0.7003301407351639,0.0300757597906119,8.236716883110278,308.3815889300722,1.5433415694670245,5.406666666666668e-05,5.406666666666668e-05,0.2239925967914432,0.2840161989521048,0.2121468809896341,0.683505451546035,0.096061640736444,151.97979068756104
211,94.89395354299836,0.3479861577351888,,,0.2375657215464714,11.479721644737202,29.66015445986273,,,,,0.3398649374643961,1.8772676951957472,4.550605450254498,0.6973031719525655,0.028577237914909,8.113662341146759,191.3601379856919,1.4974990660494023,5.274e-05,5.274e-05,0.2211359066670167,0.2813203258221375,0.2240913488678426,0.8265854626394517,0.1041468682332966,155.03751969337463
212,95.02779092499703,0.3469329666007649,,,0.2418860406848971,11.60466480787906,29.238362914357104,,,,,0.3398033077066595,1.8791185371803516,4.56047529740767,0.6975324193636576,0.0288463092775958,8.120106327172481,196.52079643480707,1.5227850914001464,5.141333333333333e-05,5.141333333333333e-05,0.2184604912496811,0.2775924019307397,0.2207117614299891,0.8245241875089081,0.093705754692439,172.73536586761475
213,95.43701772978812,0.3450206557909647,,,0.2309454313203609,11.388661219421046,29.521389167402045,,,,,0.3409649805589155,1.893265041438016,4.556505682974151,0.6985837784680453,0.0294847550265716,8.203431568723737,300.644345555161,1.5478464953827136,5.008666666666668e-05,5.008666666666668e-05,0.2233294175323827,0.2837973293645421,0.2182112176325068,0.7572724749256112,0.1035228744253266,139.70442461967468
214,95.51449760668206,0.3436530547611641,,,0.2227913877151532,11.44287599531632,31.263973225428405,,,,,0.3418757420597654,1.8894476890563965,4.557430992704449,0.6990634871251655,0.0294914247185894,8.215536357417252,263.9606951626864,1.619262448946635,4.876e-05,4.876e-05,0.2202752375735917,0.2797237075240918,0.2687058610290122,1.576191586489118,0.1245041465875822,139.43563866615295
215,95.34331896232835,0.346129417961294,,,0.2406052460883583,11.584288485223354,29.976942691057086,,,,,0.340091198682785,1.9018556891065652,4.555678104631829,0.6977007548014323,0.0289330068072586,8.187480042197487,221.87461612585815,1.5606950452833466,4.7433333333333325e-05,4.7433333333333325e-05,0.2185388017633107,0.2776781820052162,0.2341595679188574,0.90739899507448,0.098154948590743,139.32055616378784
216,95.23084309895832,0.3455915364352139,,,0.2333190834056066,11.433308308350972,29.907926047980453,,,,,0.3394884770566767,1.884556651837898,4.559362865216804,0.6969560247479063,0.0286209767402121,8.163150183359782,187.29411930893409,1.371016832192739,4.610666666666667e-05,4.610666666666667e-05,0.2241720001124802,0.2837445396284817,0.2267269037622313,0.8655367017458271,0.0944189052730521,139.5788369178772
217,95.8570908055161,0.3425373195698767,,,0.2358107357051785,11.560579800738967,29.22662967276973,,,,,0.3411626427462607,1.9031298355622728,4.564959358446526,0.697750507701527,0.0297860294128909,8.268883144494259,327.03507778283324,1.4061332337784045,4.478e-05,4.478e-05,0.220274009851104,0.2794778160542749,0.2207429595499731,0.7434084791710923,0.0997845761658315,143.5154242515564
218,95.43029822147254,0.3436389847235246,,,0.228407853475496,11.425587254529558,30.67637967796965,,,,,0.3390889380917404,1.8914327556436712,4.553444908604478,0.6967008818279613,0.0289159681535128,8.214438091624867,191.1778819228664,1.3723498237855507,4.345333333333334e-05,4.345333333333334e-05,0.2240054187827936,0.283301756368669,0.2387485358468647,0.984033877290161,0.09313302409438,150.3685019016266
219,95.89773434725674,0.3402097366072915,,,0.2309844850161888,11.43086551687571,31.9972959230732,,,,,0.3399750207409714,1.899209349083178,4.558808881586248,0.6978679472749884,0.0293126513786388,8.292544171304414,242.1144131747159,1.4634224983778867,4.212666666666666e-05,4.212666666666666e-05,0.2228148862636289,0.2829066311846898,0.2541692190330121,1.2584884892628845,0.097896213457682,149.51481366157532
220,96.92438747521602,0.3398153286088596,,,0.2394555467467068,11.518775556340564,29.14016146100433,,,,,0.3427315199013912,1.948579741969253,4.562667225346421,0.6992722348733382,0.0326752193272113,8.472021793596673,466.44838497277465,1.5359608512936216,4.079999999999999e-05,4.079999999999999e-05,0.2210731586264498,0.2802209094915976,0.2182842086813303,0.7256359154951639,0.090309766723013,148.63380932807922
221,95.69899865352748,0.3443463509733027,,,0.2353017410086519,11.465411521869,29.78321522973769,,,,,0.3388299954660011,1.9099545377673528,4.544019386985085,0.6956457358418089,0.0286734959392836,8.284994957663796,243.3406971324574,1.3422597960992293,3.947333333333334e-05,3.947333333333334e-05,0.2225433071898348,0.2823633155343253,0.2271560730214891,0.8176795490627182,0.1056414294980979,148.53709411621094
222,95.53052825927736,0.3443310582276546,,,0.2364763257889774,11.57834723275467,29.348718589910582,,,,,0.3380061834147482,1.89698279987682,4.559747331792658,0.6957498416756138,0.0287494580741181,8.22395246968125,168.89662212025036,1.282323352134589,3.8146666666666665e-05,3.8146666666666665e-05,0.219011862850722,0.2781318369524439,0.2264954063146474,0.8835639520730386,0.1048654602975818,148.36285877227783
223,95.60875683408796,0.3427843370220877,,,0.24102467897884,11.599018906747828,29.326014097842425,,,,,0.3377463223356189,1.903806759371902,4.5561450438065965,0.6961048097321482,0.0287323163878737,8.245609601338705,206.3183242335464,1.279964002695951,3.682000000000001e-05,3.682000000000001e-05,0.2186180319865988,0.2779684226606145,0.2215468180912167,0.8708437494725488,0.1020317457866069,148.32720398902893
224,95.7100096731475,0.3420896629492442,,,0.2259015381003225,11.395687316383064,30.07098337525096,,,,,0.3376488960150516,1.9026108171000624,4.551597759940408,0.6961984619949804,0.0286842101451122,8.275314247246945,218.54820038766573,1.3660717877474695,3.5493333333333335e-05,3.5493333333333335e-05,0.2238727748061025,0.2833198868362597,0.2324872792766081,0.9786626153818055,0.0954099039736184,148.51986479759216
225,95.89001187411222,0.3417384214473493,,,0.2336312782165058,11.573220109140406,29.0444756193534,,,,,0.3387619898174748,1.899088548891472,4.553352436874852,0.6974681287100821,0.0292655152917811,8.304781503388377,257.8291627363725,1.369617845434131,3.416666666666666e-05,3.416666666666666e-05,0.2198403910551657,0.2782819900432778,0.2154989436518546,0.7550505479620822,0.09090071852064,148.31915521621704
226,96.1507880933357,0.3394701622652285,,,0.2318057933999173,11.53605067929742,30.12382747074745,,,,,0.3393059320522077,1.905547040159052,4.558979060433128,0.6973945675474225,0.0298675183093909,8.343136654478132,319.0323020703865,1.33670545166189,3.2840000000000004e-05,3.2840000000000004e-05,0.220736254859903,0.2799399132169158,0.2318434523803561,0.8544040758516536,0.0975847684915283,148.38591980934143
227,95.46850761644768,0.3435523793552861,,,0.234147525699445,11.516333041910352,29.8049607516667,,,,,0.3367674291133881,1.8893627535213124,4.556812638947458,0.6957485870881515,0.0283996224064718,8.221560475320526,163.7421119921135,1.2657594373731902,3.151333333333333e-05,3.151333333333333e-05,0.2207475860691603,0.2800343526142269,0.2329891485541892,1.0421517567927612,0.1001382802632157,148.25914812088013
228,95.55848901922052,0.342778755679275,,,0.2305311910266982,11.45884252793296,29.56500450858857,,,,,0.3369561385024677,1.8916877970551,4.561101685148297,0.6959484270124724,0.0285665271069967,8.229869539087469,195.1303996230617,1.274951243761814,3.0186666666666657e-05,3.0186666666666657e-05,0.2231988500616404,0.2824793061730582,0.219457214271556,0.8005848463687151,0.0893570540032351,148.2762758731842
229,95.58057149251302,0.3424356845292178,,,0.2307563693829755,11.50524586938613,30.766398861421557,,,,,0.3369906958305474,1.8814789569739137,4.567206148667769,0.695565849723238,0.0289154050476623,8.22429278980602,213.01294421571677,1.2636549657041376,2.8860000000000005e-05,2.8860000000000005e-05,0.2206231495521588,0.2803601975547535,0.2393933768545449,1.051529133120063,0.1024158984679361,148.66907000541687
230,95.58954074744022,0.3427287291396748,,,0.2375885607809993,11.52155907060847,29.78775792681305,,,,,0.3366245966969114,1.888291629155477,4.5598237557844685,0.6953514836051248,0.0284640287698218,8.240616073030415,177.21610102798,1.2276038885116578,2.753333333333333e-05,2.753333333333333e-05,0.2200080592539057,0.2791877192491925,0.2317076921463012,0.9295913254082536,0.0932740380005907,148.78000903129578
231,95.80945970939868,0.3415122014103514,,,0.2371553771988639,11.49125760893582,29.767929769761068,,,,,0.3372001413143042,1.8817308295856825,4.57413319385413,0.6960650115302115,0.0292914905218463,8.255097487478546,256.36046322909266,1.25050440231959,2.620666666666668e-05,2.620666666666668e-05,0.2216759447278923,0.2813471395876155,0.2279496300320385,0.8154097062915397,0.099371903837837,148.31361055374146
232,95.57860343239524,0.3426101713469534,,,0.233407032556374,11.517347580893746,30.126175502159075,,,,,0.3367269972960154,1.8831166086774884,4.565941247073087,0.6952332409945401,0.0285853787917982,8.227093505859376,160.23933049982244,1.1858378366990523,2.488e-05,2.488e-05,0.2213637379294667,0.2801859172362855,0.2348417330054597,1.077937265348168,0.0964907923612737,148.2683491706848
233,95.79480983849729,0.3414951494245818,,,0.2315083955253302,11.453679473706464,29.494825927904863,,,,,0.3363925559954209,1.888007306330132,4.570130943529533,0.6958781188184565,0.0288061289963397,8.260912906762325,208.26276504054212,1.1931493818759915,2.3553333333333327e-05,2.3553333333333327e-05,0.2235155085611609,0.2825032169592447,0.2196998194109794,0.833006108273341,0.0898174483682856,148.1783947944641
234,96.14598088119968,0.338689329588052,,,0.227227010540456,11.35112617535298,31.697901997486305,,,,,0.3376346848227761,1.8897398854746963,4.574706646890351,0.696096618608995,0.0299240037685993,8.318499359940038,326.2530745997573,1.2361611825047116,2.2226666666666672e-05,2.2226666666666672e-05,0.2238899555952189,0.2843425227277106,0.2532335294192063,1.1981269607330831,0.1107751701193648,148.09315848350525
235,95.88880347049596,0.3405694286028544,,,0.2351176285876908,11.43326502538926,29.730319923528747,,,,,0.3370012335705035,1.8858349214900625,4.57204719023271,0.6959373958183057,0.0291416368814128,8.274902687650739,232.3185159856623,1.1582045311277562,2.09e-05,2.09e-05,0.2232678056429218,0.2825758636996733,0.2230496694588794,0.8384837837858573,0.092005150576488,148.19381880760193
236,95.71186343106356,0.3426625813498641,,,0.2346124928756799,11.498049901184425,29.745468693738545,,,,,0.336328143603874,1.8824887875354648,4.5758210528980605,0.6950776302453243,0.0287601548952586,8.234994740919634,175.294487138228,1.114727343934955,1.9573333333333345e-05,1.9573333333333345e-05,0.2212641858521786,0.2806641396197527,0.2280460164034166,0.8582978381790929,0.0988934227235934,148.190083026886
237,95.86201324462893,0.3414967466484416,,,0.2338555987986772,11.556024945648025,29.959224082904157,,,,,0.335682787136598,1.8823306770035717,4.573217631831314,0.694756978930849,0.0287171825766563,8.271891830906723,173.53279964562617,1.0970590434291143,1.824666666666667e-05,1.824666666666667e-05,0.220142928581664,0.2790902380170769,0.230690190329232,0.9779766425074146,0.0940330855312516,148.49939918518066
238,96.02632464784564,0.3401406264666355,,,0.2273511183994442,11.474504779836986,30.21478996063744,,,,,0.3365765425291928,1.8789963534384064,4.577278258583762,0.6957213979778868,0.0289736255438941,8.294445193897594,198.8331292817087,1.0833066261175908,1.6919999999999994e-05,1.6919999999999994e-05,0.2208186924124563,0.2807963993296277,0.2309744090008336,0.9183725937784716,0.1019632948676967,148.44880199432373
239,95.94072297992128,0.340997235883366,,,0.2318017299614805,11.513493798964516,29.293135840133584,,,,,0.335614229332317,1.8842798016288065,4.570952765146891,0.6953902862288736,0.0287052648649974,8.291282202980735,240.0913746689305,1.1248761317946694,1.559333333333334e-05,1.559333333333334e-05,0.2212892058175369,0.2804345292086042,0.2175384201317526,0.793376493720369,0.0903383122559366,148.34788250923157
240,95.99582043272076,0.3404652772527752,,,0.2363932026165157,11.53303591765505,29.444348095515583,,,,,0.3350477280038776,1.889030439203436,4.57109540014556,0.6955744429068131,0.0285555347348704,8.30207500746756,191.5834858287465,1.0696285005771753,1.4266666666666663e-05,1.4266666666666663e-05,0.2209189131273237,0.2800959195504641,0.2226703007960452,0.8204057965864683,0.0927924498277447,148.2990391254425
241,96.0670522516424,0.3403881605827447,,,0.2364294815329866,11.538462761394138,29.537018610778468,,,,,0.3354070609266107,1.8870230544697155,4.576206447138931,0.6950616204377377,0.0287982372962164,8.306197839794738,201.3471578424627,1.0337610958200512,1.2940000000000012e-05,1.2940000000000012e-05,0.2204421905165944,0.2796919179362291,0.2235855002310023,0.8178601148408219,0.0939128466116982,148.2615282535553
242,96.16962756532612,0.3376660731705752,,,0.2307758477813038,11.473221507152363,30.5531849887784,,,,,0.3359758023059729,1.8821948116475888,4.569348528890899,0.6950475457942847,0.0286996743218465,8.34031053311897,185.35053438128847,1.0423258169130845,1.1613333333333336e-05,1.1613333333333336e-05,0.2222210448547448,0.2817651013422279,0.2343095198023918,0.9758059039462212,0.0959470305709754,148.15777349472046
243,96.14154524369674,0.3407011033910693,,,0.2288857621853578,11.44240889735728,30.08501831779267,,,,,0.3348448366829843,1.8916078213489416,4.57100856665409,0.6942648786487001,0.0286586701305526,8.332552268288353,179.38706438469166,1.0243077198664348,1.028666666666666e-05,1.028666666666666e-05,0.2224659899759559,0.2824468033273792,0.2280483945121978,0.8835060193551986,0.097742659558353,148.4388325214386
244,96.02915210145892,0.3393979478966106,,,0.2329554158216082,11.490816084366273,30.147669445868974,,,,,0.335081695245974,1.8859886797991663,4.570312575137977,0.6950601823402174,0.0285531500749515,8.311362674019554,175.92694299871272,0.9637359940644468,8.960000000000007e-06,8.960000000000007e-06,0.2217536388828767,0.2810444125916039,0.2292220559200095,0.9227415516389816,0.092369891710066,148.37795519828796
245,96.22296082467744,0.3405928684003425,,,0.235118692480652,11.56256866455078,29.661849517396043,,,,,0.3351934967619,1.892109042225462,4.572613366444906,0.6953266414729031,0.0287468539720231,8.343731244405111,158.54549898089783,0.9514126867958994,7.633333333333332e-06,7.633333333333332e-06,0.2199499207501971,0.2790396033718599,0.2285088721933311,0.909917021596898,0.0953912741783832,148.51006197929382
246,96.14010643236566,0.3397454552578203,,,0.2326122901959126,11.5399830141547,29.81267365397022,,,,,0.3344182876023379,1.89041902440967,4.569949020038951,0.6939326911261587,0.0283425035237362,8.3359331333276,122.96791760993726,0.8588811124816086,6.3066666666666565e-06,6.3066666666666565e-06,0.2209996171503759,0.2797885970030417,0.2284634653582919,0.9354832405484588,0.0908610622088114,148.6690149307251
247,96.16301583954782,0.3411929620034767,,,0.2336740367239414,11.56152324569958,29.56802173166968,,,,,0.335129009774237,1.889996481664253,4.579290436253404,0.6947402654272137,0.0289376072811357,8.319449768644391,169.253562187426,0.9061004799423796,4.980000000000003e-06,4.980000000000003e-06,0.2199799058823612,0.2788274088385384,0.2264109891553165,0.928054181557128,0.0933781257332814,148.68518376350403
248,96.05998225356592,0.340234666520899,,,0.2318834006453359,11.49853577427358,29.80067497125551,,,,,0.3342255928299644,1.8869653224945069,4.573476288535378,0.6936379620523164,0.028289845585823,8.314245744185014,117.4780180497603,0.822367744734793,3.653333333333329e-06,3.653333333333329e-06,0.2211831731503236,0.2804037672181369,0.2284611184670272,0.8962240951687264,0.0932114025928232,147.99888634681702
249,96.1862715287642,0.3382142487800482,,,0.2339973326501899,11.549455014021037,29.73203122016438,,,,,0.3348163965976599,1.8818035183530863,4.578826372551196,0.6953305287794633,0.0290017253070166,8.326676805091626,181.388016278816,0.8766209622224171,2.326666666666675e-06,2.326666666666675e-06,0.2201523351269727,0.2792961144580521,0.2280359982445253,0.9130828683602744,0.0962785005611081,148.54454684257507
250,96.0716298421224,0.3390410938046195,,,0.2339571934172561,11.494496734448653,29.87346212291185,,,,,0.3332360661391056,1.902994324944236,4.564240597233628,0.693226052053047,0.0281642049212347,8.334281993634773,121.36573023940578,0.7671500187931639,1e-06,1e-06,0.2217323140725077,0.2810004177040228,0.225671291434565,0.9035095982045436,0.0929215397873071,149.57930445671082
